{
  "family": "ssc-ai-api",
  "networkMode": "awsvpc",
  "requiresCompatibilities": [
    "FARGATE"
  ],
  "cpu": "512",
  "memory": "1024",
  "executionRoleArn": "arn:aws:iam::123456789012:role/ecsTaskExecutionRole",
  "taskRoleArn": "arn:aws:iam::123456789012:role/ecsTaskRole",
  "containerDefinitions": [
    {
      "name": "api",
      "image": "<IMAGE_URI>",
      "portMappings": [
        {
          "containerPort": 8000,
          "hostPort": 8000,
          "protocol": "tcp"
        }
      ],
      "essential": true,
      "environment": [],
      "secrets": [
        {
          "name": "MONGO_URI",
          "valueFrom": "arn:aws:secretsmanager:us-east-1:123456789012:secret:MONGO_URI"
        },
        {
          "name": "JWT_SECRET",
          "valueFrom": "arn:aws:secretsmanager:us-east-1:123456789012:secret:JWT_SECRET"
        },
        {
          "name": "OPENAI_API_KEY",
          "valueFrom": "arn:aws:secretsmanager:us-east-1:123456789012:secret:OPENAI_API_KEY"
        }
      ],
      "logConfiguration": {
        "logDriver": "awslogs",
        "options": {
          "awslogs-group": "/ecs/ssc-ai-api",
          "awslogs-region": "us-east-1",
          "awslogs-stream-prefix": "ecs"
        }
      }
    }
  ]
}